{
  "compared_rows": {
    "distinct_raw_event_count": 17,
    "distinct_signal_active_raw_event_count": 17,
    "eligible_compared_row_count": 54,
    "excluded_row_count": 409,
    "exclusion_reasons": {
      "health_not_good": 14,
      "missing_a_side": 127,
      "non_primary_match": 4,
      "not_in_progress_phase": 264
    },
    "signal_active_row_count": 54
  },
  "decision": "inconclusive",
  "decision_basis": "bounded_real_runtime_bo3_vs_v2_reference_distinct_raw_events",
  "input_artifact": {
    "match_id_counts": {
      "111953": 4,
      "113437": 459
    },
    "path": "logs\\bo3_backend_live_capture_contract.jsonl",
    "primary_match_id": 113437,
    "primary_match_row_count": 459,
    "schema_version_expected": "backend_bo3_live_capture_contract.v1",
    "total_rows": 463
  },
  "mismatch_class_counts": {
    "close": 6,
    "large_gap": 5,
    "loadout_sensitive_large_gap": 2,
    "moderate_gap": 4
  },
  "reasons": [
    "only 17 distinct raw events were truthfully comparable",
    "per-tick compared rows totaled 54, but duplicate ticks are not independent evidence"
  ],
  "schema_version": "backend_bo3_live_parity_diagnostic.v1",
  "summary_deltas": {
    "all_compared_per_tick": {
      "abs_p_hat_delta": {
        "max": 0.19458077228658555,
        "mean": 0.039773916113073356,
        "median": 0.04079703510736621,
        "p90": 0.06197436326116357
      },
      "abs_q_delta": {
        "max": 0.3626100224661787,
        "mean": 0.16163226948230225,
        "median": 0.12494227643863558,
        "p90": 0.31470275336173725
      }
    },
    "distinct_raw_event_basis": {
      "abs_p_hat_delta": {
        "max": 0.19458077228658555,
        "mean": 0.038215526030318615,
        "median": 0.020092834746508526,
        "p90": 0.06451444169135438
      },
      "abs_q_delta": {
        "max": 0.3626100224661787,
        "mean": 0.15772987681941383,
        "median": 0.12494227643863558,
        "p90": 0.3127856313757291
      }
    },
    "distinct_signal_active_raw_event_basis": {
      "abs_p_hat_delta": {
        "max": 0.19458077228658555,
        "mean": 0.038215526030318615,
        "median": 0.020092834746508526,
        "p90": 0.06451444169135438
      },
      "abs_q_delta": {
        "max": 0.3626100224661787,
        "mean": 0.15772987681941383,
        "median": 0.12494227643863558,
        "p90": 0.3127856313757291
      }
    }
  },
  "top_mismatch_rows": [
    {
      "a_side": "CT",
      "abs_p_hat_delta": 0.04382055440314769,
      "abs_q_delta": 0.3626100224661787,
      "alive_delta": 0.0,
      "bomb_planted": true,
      "capture_ts_iso": "2026-03-10T22:36:55.921Z",
      "current_p_hat": 0.5040345183524444,
      "current_q": 0.5741893656772427,
      "duplicate_tick_count": 4,
      "game_number": 3,
      "hard_boundary_reason_code": "HARD_BOUNDARY_NOT_ACTIVE_ABOVE_THRESHOLD",
      "hp_delta": -8.0,
      "loadout_delta": 2100.0,
      "map_index": 2,
      "match_id": 113437,
      "mismatch_class": "loadout_sensitive_large_gap",
      "p_hat_delta": 0.04382055440314769,
      "q_delta": 0.3626100224661787,
      "raw_provider_event_id": "f87779a6-8774-46bf-bcb2-647b52815076",
      "round_number": 25,
      "round_phase": "IN_PROGRESS",
      "signal_active": true,
      "timer_direction_reason_code": "POSTPLANT_T_FAVOR_APPLIED",
      "v2_p_hat": 0.5478550727555921,
      "v2_q": 0.9367993881434213,
      "weight_profile": "current"
    },
    {
      "a_side": "CT",
      "abs_p_hat_delta": 0.05900898788392561,
      "abs_q_delta": 0.31470275336173725,
      "alive_delta": 0.0,
      "bomb_planted": true,
      "capture_ts_iso": "2026-03-10T22:40:49.040Z",
      "current_p_hat": 0.5061155699811676,
      "current_q": 0.5417777759512373,
      "duplicate_tick_count": 3,
      "game_number": 3,
      "hard_boundary_reason_code": "HARD_BOUNDARY_NOT_ACTIVE_ABOVE_THRESHOLD",
      "hp_delta": 61.0,
      "loadout_delta": 1300.0,
      "map_index": 2,
      "match_id": 113437,
      "mismatch_class": "large_gap",
      "p_hat_delta": 0.05900898788392561,
      "q_delta": 0.31470275336173725,
      "raw_provider_event_id": "0d4a193f-afd7-4615-9cc2-f03afbcb3861",
      "round_number": 27,
      "round_phase": "IN_PROGRESS",
      "signal_active": true,
      "timer_direction_reason_code": "POSTPLANT_T_FAVOR_APPLIED",
      "v2_p_hat": 0.5651245578650932,
      "v2_q": 0.8564805293129746,
      "weight_profile": "current"
    },
    {
      "a_side": "CT",
      "abs_p_hat_delta": 0.020092834746508526,
      "abs_q_delta": 0.3115075500517237,
      "alive_delta": 1.0,
      "bomb_planted": false,
      "capture_ts_iso": "2026-03-10T22:31:37.830Z",
      "current_p_hat": 0.28041684158114377,
      "current_q": 0.6723695650553837,
      "duplicate_tick_count": 3,
      "game_number": 3,
      "hard_boundary_reason_code": "HARD_BOUNDARY_SKIPPED_NOT_POSTPLANT",
      "hp_delta": 121.0,
      "loadout_delta": 12900.0,
      "map_index": 2,
      "match_id": 113437,
      "mismatch_class": "large_gap",
      "p_hat_delta": 0.020092834746508526,
      "q_delta": 0.3115075500517237,
      "raw_provider_event_id": "7cf81fd5-e1c8-4ae7-a081-20772f9603f0",
      "round_number": 23,
      "round_phase": "IN_PROGRESS",
      "signal_active": true,
      "timer_direction_reason_code": "PREPLANT_CT_FAVOR_APPLIED",
      "v2_p_hat": 0.3005096763276523,
      "v2_q": 0.9838771151071074,
      "weight_profile": "current"
    },
    {
      "a_side": "CT",
      "abs_p_hat_delta": 0.04079703510736621,
      "abs_q_delta": 0.2711317689800098,
      "alive_delta": 0.0,
      "bomb_planted": true,
      "capture_ts_iso": "2026-03-10T22:40:11.798Z",
      "current_p_hat": 0.5165432113210772,
      "current_q": 0.542738790265723,
      "duplicate_tick_count": 4,
      "game_number": 3,
      "hard_boundary_reason_code": "HARD_BOUNDARY_NOT_ACTIVE_ABOVE_THRESHOLD",
      "hp_delta": 218.0,
      "loadout_delta": 4250.0,
      "map_index": 2,
      "match_id": 113437,
      "mismatch_class": "large_gap",
      "p_hat_delta": 0.04079703510736621,
      "q_delta": 0.2711317689800098,
      "raw_provider_event_id": "756bb95d-2377-42a7-a7d8-aec1b7f8c1d4",
      "round_number": 27,
      "round_phase": "IN_PROGRESS",
      "signal_active": true,
      "timer_direction_reason_code": "POSTPLANT_T_FAVOR_APPLIED",
      "v2_p_hat": 0.5573402464284434,
      "v2_q": 0.8138705592457328,
      "weight_profile": "current"
    },
    {
      "a_side": "CT",
      "abs_p_hat_delta": 0.018971200727150583,
      "abs_q_delta": 0.2634719255930936,
      "alive_delta": 0.0,
      "bomb_planted": false,
      "capture_ts_iso": "2026-03-10T22:31:00.776Z",
      "current_p_hat": 0.272286053621573,
      "current_q": 0.5658874987274507,
      "duplicate_tick_count": 4,
      "game_number": 3,
      "hard_boundary_reason_code": "HARD_BOUNDARY_SKIPPED_NOT_POSTPLANT",
      "hp_delta": 0.0,
      "loadout_delta": 21100.0,
      "map_index": 2,
      "match_id": 113437,
      "mismatch_class": "loadout_sensitive_large_gap",
      "p_hat_delta": -0.018971200727150583,
      "q_delta": 0.2634719255930936,
      "raw_provider_event_id": "79ebb1c5-a3c7-4b9f-be71-2a3eaa80a7df",
      "round_number": 23,
      "round_phase": "IN_PROGRESS",
      "signal_active": true,
      "timer_direction_reason_code": "PREPLANT_CT_FAVOR_APPLIED",
      "v2_p_hat": 0.2533148528944224,
      "v2_q": 0.8293594243205443,
      "weight_profile": "current"
    },
    {
      "a_side": "CT",
      "abs_p_hat_delta": 0.01717729382757932,
      "abs_q_delta": 0.22781637211809125,
      "alive_delta": 1.0,
      "bomb_planted": false,
      "capture_ts_iso": "2026-03-10T22:31:53.761Z",
      "current_p_hat": 0.28796568102146336,
      "current_q": 0.7712303428766587,
      "duplicate_tick_count": 2,
      "game_number": 3,
      "hard_boundary_reason_code": "HARD_BOUNDARY_SKIPPED_NOT_POSTPLANT",
      "hp_delta": 121.0,
      "loadout_delta": 8750.0,
      "map_index": 2,